"name,resource_type,description,handicap_type,region,city,phone,email,website"
"MDPH Paris,administration,Aides et reconnaissance du handicap,motor,Île-de-France,Paris,0800091111,,https://www.mdph.fr"
"MDPH Paris,administration,Aides et reconnaissance du handicap,visual,Île-de-France,Paris,0800091111,,https://www.mdph.fr"
"MDPH Paris,administration,Aides et reconnaissance du handicap,auditory,Île-de-France,Paris,0800091111,,https://www.mdph.fr"
"APF France Handicap,association,Accompagnement des personnes handicapées,motor,Île-de-France,Paris,0140303030,contact@apf-francehandicap.org,https://www.apf-francehandicap.org"
"Association Valentin Haüy,association,Aide aux personnes déficientes visuelles,visual,Île-de-France,Paris,0146305252,info@avh.asso.fr,https://www.avh.asso.fr"
"UNISDA,association,Fédération pour les personnes sourdes,auditory,Île-de-France,Paris,0142739696,contact@unisda.org,https://www.unisda.org"
"Centre Jacques Cartier,centre,Accueil enfants handicap moteur,motor,Île-de-France,Paris,,,,"
"INJA,centre,Scolarité et accompagnement déficience visuelle,visual,Île-de-France,Paris,0140453030,,https://www.inja.fr"
"INJS Paris,centre,Institut pour jeunes sourds,auditory,Île-de-France,Paris,0144843030,,https://www.injs-paris.fr"
